ID,Description,setSize,enrichmentScore,NES,pvalue,p.adjust,qvalues,rank,leading_edge,core_enrichment
ecg00970,Aminoacyl-tRNA biosynthesis,91,0.6648264882211989,2.505119902783111,1e-10,7.500000000000001e-9,6.9473684210526326e-9,521,"tags=51%, list=15%, signal=44%",E2348C_tRNA_70/E2348C_tRNA_45/E2348C_tRNA_85/E2348C_tRNA_40/E2348C_tRNA_21/E2348C_tRNA_71/E2348C_tRNA_39/E2348C_tRNA_37/E2348C_tRNA_67/E2348C_tRNA_50/E2348C_tRNA_90/E2348C_tRNA_23/E2348C_tRNA_09/E2348C_tRNA_46/E2348C_tRNA_12/E2348C_tRNA_56/E2348C_tRNA_87/E2348C_tRNA_86/E2348C_tRNA_79/E2348C_tRNA_89/E2348C_tRNA_59/E2348C_tRNA_64/E2348C_tRNA_88/E2348C_tRNA_33/E2348C_tRNA_22/E2348C_tRNA_27/E2348C_tRNA_38/E2348C_tRNA_47/E2348C_tRNA_92/E2348C_tRNA_61/E2348C_tRNA_34/E2348C_tRNA_36/E2348C_tRNA_91/E2348C_tRNA_41/E2348C_tRNA_49/E2348C_tRNA_05/E2348C_tRNA_11/E2348C_tRNA_81/E2348C_tRNA_68/E2348C_tRNA_35/E2348C_tRNA_48/E2348C_tRNA_03/E2348C_tRNA_63/E2348C_tRNA_60/E2348C_tRNA_06/E2348C_tRNA_80
ecg02024,Quorum sensing,52,-0.6249719319994678,-1.8308709659402487,5.218069863589062e-4,0.019567761988458984,0.01812592689457253,810,"tags=50%, list=24%, signal=39%",E2348C_1469/E2348C_0349/E2348_P1_096/E2348C_1373/E2348C_2015/E2348C_4406/E2348C_1372/E2348C_3698/E2348C_4288/E2348C_1371/E2348C_2014/E2348C_0631/E2348C_3315/E2348C_1454/E2348C_4403/E2348C_3316/E2348C_3759/E2348C_3696/E2348C_1619/E2348C_1620/E2348C_0583/E2348C_4405/E2348C_3694/E2348C_1588/E2348C_3695/E2348C_4404
