ID,Description,setSize,enrichmentScore,NES,pvalue,p.adjust,qvalues,rank,leading_edge,core_enrichment
ecg00920,Sulfur metabolism,12,0.8959604843920789,2.7231790241907605,3.8640389472780424e-10,7.728077894556084e-9,5.287632243643637e-9,73,"tags=92%, list=9%, signal=85%",E2348C_2608/E2348C_3026/E2348C_2609/E2348C_4221/E2348C_3022/E2348C_2610/E2348C_2607/E2348C_3020/E2348C_3025/E2348C_3027/E2348C_2600
ecg05130,Pathogenic Escherichia coli infection,15,0.660493845807835,2.16650279832883,2.904096868117625e-4,0.002904096868117625,0.001987013646606796,177,"tags=73%, list=22%, signal=58%",E2348C_1442/E2348C_3970/E2348C_3934/E2348C_1041/E2348C_0718/E2348C_3930/E2348C_3932/E2348C_3939/E2348C_3231/E2348C_2916/E2348C_3951
