ID,Description,setSize,enrichmentScore,NES,pvalue,p.adjust,qvalues,rank,leading_edge,core_enrichment
ecg00920,Sulfur metabolism,13,0.8613843748467349,2.783678456680179,3.072002423655769e-9,7.680006059139423e-8,6.144004847311539e-8,82,"tags=85%, list=10%, signal=78%",E2348C_2608/E2348C_3026/E2348C_4221/E2348C_3022/E2348C_2609/E2348C_2610/E2348C_2607/E2348C_3027/E2348C_3025/E2348C_2600/E2348C_3020
ecg03070,Bacterial secretion system,12,0.6542118166859028,2.06255446882698,0.0011256362990448722,0.014070453738060902,0.011256362990448722,66,"tags=42%, list=8%, signal=39%",E2348C_3250/E2348C_3240/E2348C_3249/E2348C_3241/E2348C_3248
ecg05130,Pathogenic Escherichia coli infection,17,0.5478203013393159,1.9013635023491844,0.00452288405977104,0.037690700498092006,0.0301525603984736,183,"tags=59%, list=22%, signal=47%",E2348C_3970/E2348C_1442/E2348C_1041/E2348C_0718/E2348C_3934/E2348C_3951/E2348C_3939/E2348C_2916/E2348C_3231/E2348C_3930
