ID,Description,setSize,enrichmentScore,NES,pvalue,p.adjust,qvalues,rank,leading_edge,core_enrichment
ecg00920,Sulfur metabolism,10,0.8717352332669586,2.544195180396091,2.1177467011045862e-7,3.8119440619882553e-6,2.897969169932592e-6,57,"tags=90%, list=10%, signal=83%",E2348C_2608/E2348C_2609/E2348C_3026/E2348C_4221/E2348C_3022/E2348C_2610/E2348C_2607/E2348C_3025/E2348C_2600
ecg01240,Biosynthesis of cofactors,24,0.5304959629955457,2.0176660615080086,7.966410668500811e-4,0.0071697696016507296,0.005450702036342661,94,"tags=38%, list=16%, signal=33%",E2348C_0726/E2348C_0730/E2348C_0728/E2348C_0727/E2348C_2249/E2348C_0729/E2348C_0145/E2348C_4301/E2348C_0033
ecg03070,Bacterial secretion system,13,0.5923334646636137,1.8934492524834303,0.004245023740145105,0.025470142440870626,0.019363266183118025,48,"tags=38%, list=8%, signal=36%",E2348C_3240/E2348C_3250/E2348C_3241/E2348C_3249/E2348C_3248
