ID,Description,setSize,enrichmentScore,NES,pvalue,p.adjust,qvalues,rank,leading_edge,core_enrichment
ecg00970,Aminoacyl-tRNA biosynthesis,91,0.5133711223740608,2.0307804961388545,3.2066261480561493e-6,2.404969611042112e-4,2.2615152833659158e-4,549,"tags=41%, list=16%, signal=35%",E2348C_tRNA_16/E2348C_tRNA_20/E2348C_tRNA_04/E2348C_tRNA_48/E2348C_tRNA_22/E2348C_tRNA_10/E2348C_tRNA_06/E2348C_tRNA_80/E2348C_tRNA_46/E2348C_tRNA_19/E2348C_tRNA_14/E2348C_tRNA_82/E2348C_tRNA_47/E2348C_tRNA_11/E2348C_tRNA_87/E2348C_tRNA_23/E2348C_tRNA_34/E2348C_tRNA_13/E2348C_tRNA_73/E2348C_tRNA_88/E2348C_tRNA_74/E2348C_tRNA_57/E2348C_tRNA_03/E2348C_tRNA_27/E2348C_tRNA_72/E2348C_tRNA_50/E2348C_tRNA_41/E2348C_tRNA_81/E2348C_tRNA_35/E2348C_tRNA_86/E2348C_tRNA_37/E2348C_tRNA_58/E2348C_tRNA_56/E2348C_tRNA_61/E2348C_tRNA_45/E2348C_tRNA_15/E2348C_tRNA_33
ecg05130,Pathogenic Escherichia coli infection,24,0.6459042866795854,1.9574046748655123,9.740721155216936e-4,0.03652770433206351,0.03434885881050183,398,"tags=50%, list=12%, signal=45%",E2348C_1442/E2348C_3951/E2348C_1042/E2348C_1041/E2348C_1554/E2348C_3231/E2348C_3970/E2348C_2916/E2348C_0718/E2348C_1444/E2348C_1445/E2348C_3934
