ID,Description,GeneRatio,BgRatio,pvalue,p.adjust,qvalue,geneID,Count,Direction,geneRatio
ecg05130,Pathogenic Escherichia coli infection,4/13,24/1318,5.436210474638278e-5,8.154315711957417e-4,7.439024860031328e-4,E2348C_1044/E2348C_1041/E2348C_0723/E2348C_3951,4,Up,0.3076923076923077
ecg00230,Purine metabolism,2/2,65/1318,0.002396581184763735,0.011982905923818676,0.005045434073186811,E2348C_3327/E2348C_3022,2,Down,1
ecg00450,Selenocompound metabolism,1/2,13/1318,0.01963698708265782,0.04909246770664455,0.02067051271858718,E2348C_3022,1,Down,0.5
