ID,Description,GeneRatio,BgRatio,pvalue,p.adjust,qvalue,geneID,Count,Direction,geneRatio
ecg05130,Pathogenic Escherichia coli infection,4/9,24/1318,1.0061417018816127e-5,4.024566807526451e-5,2.1181930565928685e-5,E2348C_1442/E2348C_3951/E2348C_3970/E2348C_0718,4,Up,0.4444444444444444
ecg00970,Aminoacyl-tRNA biosynthesis,3/9,91/1318,0.019726311295038115,0.03945262259007623,0.020764538205303277,E2348C_tRNA_48/E2348C_tRNA_80/E2348C_tRNA_87,3,Up,0.3333333333333333
