ID,Description,GeneRatio,BgRatio,pvalue,p.adjust,qvalue,geneID,Count,Direction,geneRatio
ecg05130,Pathogenic Escherichia coli infection,15/173,24/1318,1.5127806612008518e-8,9.833074297805537e-7,9.833074297805537e-7,E2348C_1442/E2348C_3970/E2348C_3934/E2348C_1041/E2348C_0718/E2348C_3930/E2348C_3932/E2348C_3939/E2348C_3231/E2348C_2916/E2348C_3951/E2348C_3942/E2348C_3952/E2348C_3941/E2348C_3944,15,Up,0.08670520231213873
ecg00920,Sulfur metabolism,12/173,21/1318,1.8456162122202924e-6,5.9982526897159505e-5,5.9982526897159505e-5,E2348C_2608/E2348C_3026/E2348C_2609/E2348C_4221/E2348C_3022/E2348C_2610/E2348C_2607/E2348C_3020/E2348C_3025/E2348C_3027/E2348C_2600/E2348C_3021,12,Up,0.06936416184971098
