ID,Description,GeneRatio,BgRatio,pvalue,p.adjust,qvalue,geneID,Count,Direction,geneRatio
ecg00920,Sulfur metabolism,10/156,21/1318,4.530396914110177e-5,0.002990061963312717,0.002813614925605268,E2348C_2608/E2348C_2609/E2348C_3026/E2348C_4221/E2348C_3022/E2348C_2610/E2348C_2607/E2348C_3025/E2348C_2600/E2348C_3027,10,Up,0.0641025641025641
ecg05130,Pathogenic Escherichia coli infection,10/156,24/1318,1.8300341303455664e-4,0.006039112630140369,0.0056827375626520215,E2348C_3970/E2348C_1041/E2348C_3951/E2348C_0718/E2348C_3939/E2348C_3942/E2348C_3952/E2348C_3941/E2348_P1_003/E2348C_3944,10,Up,0.0641025641025641
ecg00780,Biotin metabolism,7/156,14/1318,4.768416354080725e-4,0.010490515978977596,0.009871458417219746,E2348C_0726/E2348C_0730/E2348C_0728/E2348C_0727/E2348C_0729/E2348C_1482/E2348C_1185,7,Up,0.04487179487179487
ecg03070,Bacterial secretion system,11/156,35/1318,0.001486391561110307,0.024525460758320065,0.023078184764607396,E2348C_3240/E2348C_3250/E2348C_3241/E2348C_3249/E2348C_3248/E2348C_3454/E2348C_3953/E2348C_3963/E2348C_4152/E2348C_3949/E2348C_3955,11,Up,0.07051282051282051
ecg00630,Glyoxylate and dicarboxylate metabolism,9/156,26/1318,0.001908069221536109,0.025186513724276636,0.02370022822539588,E2348C_1553/E2348C_3115/E2348C_4317/E2348C_3156/E2348C_3507/E2348C_4197/E2348C_3157/E2348C_0600/E2348C_3155,9,Up,0.057692307692307696
ecg00190,Oxidative phosphorylation,14/98,41/1318,4.180335990608617e-7,2.173774715116481e-5,2.112169763675933e-5,E2348C_1201/E2348C_2428/E2348C_2426/E2348C_0616/E2348C_2422/E2348C_2424/E2348C_2416/E2348C_2423/E2348C_4482/E2348C_2418/E2348C_0964/E2348C_2417/E2348C_0618/E2348C_0963,14,Down,0.14285714285714285
ecg00620,Pyruvate metabolism,11/98,52/1318,0.0010129015176541585,0.026335439459008122,0.025589090972315584,E2348C_2436/E2348C_0119/E2348C_0117/E2348C_0118/E2348C_2437/E2348C_4482/E2348C_1542/E2348C_2280/E2348C_1367/E2348C_1979/E2348C_0896,11,Down,0.11224489795918367
