ID,Description,GeneRatio,BgRatio,pvalue,p.adjust,qvalue,geneID,Count
ecg05130,Pathogenic Escherichia coli infection,17/331,24/1318,2.6028296744675547e-6,1.9260939591059906e-4,1.8356798756771176e-4,E2348C_3970/E2348C_1442/E2348C_1041/E2348C_0718/E2348C_3934/E2348C_3951/E2348C_3939/E2348C_2916/E2348C_3231/E2348C_3930/E2348C_3952/E2348C_3932/E2348C_3942/E2348C_3941/E2348C_1444/E2348C_1906/E2348_P1_003,17
ecg00190,Oxidative phosphorylation,21/331,41/1318,2.3276160581678248e-4,0.008582423098398594,0.008179549752385572,E2348C_0601/E2348C_0604/E2348C_0367/E2348C_4553/E2348C_4041/E2348C_2726/E2348C_2426/E2348C_2423/E2348C_2416/E2348C_2422/E2348C_2421/E2348C_2418/E2348C_2417/E2348C_2420/E2348C_0617/E2348C_0616/E2348C_4482/E2348C_0964/E2348C_4481/E2348C_0618/E2348C_0963,21
ecg00920,Sulfur metabolism,13/331,21/1318,3.479360715566997e-4,0.008582423098398594,0.008179549752385572,E2348C_2608/E2348C_3026/E2348C_4221/E2348C_3022/E2348C_2609/E2348C_2610/E2348C_2607/E2348C_3027/E2348C_3025/E2348C_2600/E2348C_3020/E2348C_3021/E2348C_2804,13
