ID,Description,GeneRatio,BgRatio,pvalue,p.adjust,qvalue,geneID,Count
ecg05130,Pathogenic Escherichia coli infection,15/298,24/1318,2.6404385407859073e-5,0.0019275201347737122,0.0019275201347737122,E2348C_1442/E2348C_3970/E2348C_3934/E2348C_1041/E2348C_0718/E2348C_3930/E2348C_3932/E2348C_3939/E2348C_3231/E2348C_2916/E2348C_3951/E2348C_3942/E2348C_3952/E2348C_3941/E2348C_3944,15
ecg00920,Sulfur metabolism,12/298,21/1318,5.824476398053722e-4,0.021259338852896086,0.021259338852896086,E2348C_2608/E2348C_3026/E2348C_2609/E2348C_4221/E2348C_3022/E2348C_2610/E2348C_2607/E2348C_3020/E2348C_3025/E2348C_3027/E2348C_2600/E2348C_3021,12
ecg00250,"Alanine, aspartate and glutamate metabolism",14/298,29/1318,0.001870478350448489,0.045514973194246564,0.04551497319424657,E2348C_3210/E2348C_0033/E2348C_4570/E2348C_4571/E2348C_0032/E2348C_3452/E2348C_4039/E2348C_0556/E2348C_3491/E2348C_2430/E2348C_4054/E2348C_1889/E2348C_3759/E2348C_1620,14
