ID,Description,GeneRatio,BgRatio,pvalue,p.adjust,qvalue,geneID,Count
ecg00190,Oxidative phosphorylation,17/254,41/1318,7.32595877391183e-4,0.028451381331859524,0.026574307248438102,E2348C_0601/E2348C_0367/E2348C_4041/E2348C_1201/E2348C_2428/E2348C_2426/E2348C_0616/E2348C_2422/E2348C_2424/E2348C_2416/E2348C_2423/E2348C_4482/E2348C_2418/E2348C_0964/E2348C_2417/E2348C_0618/E2348C_0963,17
ecg00620,Pyruvate metabolism,20/254,52/1318,8.014473614608317e-4,0.028451381331859524,0.026574307248438102,E2348C_1553/E2348C_0303/E2348C_3115/E2348C_4317/E2348C_0079/E2348C_3507/E2348C_2355/E2348C_1738/E2348C_0190/E2348C_2436/E2348C_0119/E2348C_0117/E2348C_0118/E2348C_2437/E2348C_4482/E2348C_1542/E2348C_2280/E2348C_1367/E2348C_1979/E2348C_0896,20
