"logFC","AveExpr","t","P.Value","adj.P.Val","B"
0.191994435784109,5.54812937748391,1.7508907728315,0.10134437360629,0.225845481006949,-5.64203920408999
-0.503609063086593,6.47042794616397,-4.58334782560676,0.000402220389326353,0.00490248420660404,-0.366621307737597
0.0860509004408048,6.05869656637666,0.694336567598622,0.498579974374837,0.660093081187496,-6.94062028849754
0.314422574859285,8.21123763077065,3.0901849587518,0.00780874822039982,0.0373417021900229,-3.44672194558226
0.505618004888183,6.83653560424547,5.32675228193883,9.89339217459056e-05,0.00183557366313664,1.03376182077553
