"N9-UI9.logFC","N9-UI9.AveExpr","N9-UI9.t","N9-UI9.P.Value","N9-UI9.adj.P.Val","N9-UI9.B","WT9-UI9.logFC","WT9-UI9.AveExpr","WT9-UI9.t","WT9-UI9.P.Value","WT9-UI9.adj.P.Val","WT9-UI9.B","WT9-N9.logFC","WT9-N9.AveExpr","WT9-N9.t","WT9-N9.P.Value","WT9-N9.adj.P.Val","WT9-N9.B"
0.386644950499478,5.60965112455243,3.51679259193098,0.00331451513395966,0.0170433874785994,-2.51126844612173,0.414486271684014,5.60965112455243,3.77831864132792,0.00196238135789942,0.0142289845079537,-1.8798535535403,0.0278413211845363,5.60965112455243,0.275018989958511,0.787229250230003,0.927810478864598,-6.31631509167811
0.931411937694421,6.87835878438979,9.50110688989253,1.44733256313576e-07,1.10301976390557e-05,7.66409555349237,0.54269328358226,6.87835878438979,5.51005215506755,7.07752737401722e-05,0.0014703385419766,1.37369691412619,-0.388718654112162,6.87835878438979,-4.29593588384348,0.00070367443205143,0.0491378032067942,-0.368655704584087
0.053398158943879,6.82436210972528,0.473454548498652,0.643024471221946,0.760391534772869,-7.26411195440875,0.0279850704244335,6.82436210972528,0.248332088207128,0.807402779785489,0.886973086358689,-7.23083349926412,-0.0254130885194455,6.82436210972528,-0.242772103298689,0.811624221128805,0.939130299135438,-6.44931215936837
-0.131335271600493,7.3422325965556,-1.38499721197915,0.187248316695018,0.326883779742637,-6.44956845937846,-0.0342907786686331,7.3422325965556,-0.361905130326322,0.722706725714893,0.833715215770526,-7.22031757614907,0.0970444929318601,7.3422325965556,1.10193430896587,0.288663761453372,0.638128059309585,-5.89590492149716
-0.490618653937504,6.93662916860373,-4.66068101380005,0.000346541737197991,0.00328398190747834,-0.357579109074138,-0.364167421741295,6.93662916860373,-3.44985583304774,0.00379159056735703,0.0225193730169523,-2.65873560457006,0.126451232196208,6.93662916860373,1.29008787603744,0.217461197550474,0.571788294993802,-5.65709821929679
-0.680488270552309,2.96048749179898,-3.13052707441074,0.00720189330856298,0.0302358408547382,-2.76375761426558,-0.277421358014558,2.96048749179898,-1.32885299361902,0.204679624478659,0.366563895024853,-5.72440672654257,0.403066912537751,2.96048749179898,1.98685151689594,0.0664136720681329,0.354728871835693,-4.12120645922276
