"logFC","AveExpr","t","P.Value","adj.P.Val","B"
-0.756637051040899,6.05943625694874,-5.22364734941115,0.000162143410880559,0.00657657307997339,0.88095124927263
-0.626965060733054,3.91863163542784,-2.47967483728307,0.0275651448283522,0.129634068565943,-3.9683136563275
-0.336624026935223,6.21400885471822,-0.959585161805386,0.354706141120294,0.570006045258598,-6.41905552454773
-0.405564757359456,6.75705310111532,-2.94263167472088,0.0113926531312137,0.0770808301781056,-3.43257704949522
-2.35719573069177,1.01432525591691,-5.1409247616461,0.000187350792992188,0.00712031360243278,0.984334498567045
0.876013181958293,-0.695667842247554,1.18895343316052,0.25564280537945,0.471495073480377,-5.0267340892251
-0.154637036152348,3.44928437736529,-0.750125913791866,0.466488306569497,0.662506481080502,-6.26349951653129
-0.262219102705484,4.97585181385955,-1.41490320826085,0.18051312914593,0.384669626200597,-5.78340382244367
-0.215601730460687,5.66826953547958,-0.869267502603848,0.400406215764978,0.611292442494543,-6.45404879541135
-0.168429488719679,6.29800355136191,-0.80699809018286,0.434129552274334,0.637309605786942,-6.58351368118741
-0.719972203103146,4.89893346011833,-3.06055601714545,0.00907785280043394,0.0674108888992573,-3.03339892647099
-0.624749023089933,4.56750238081613,-3.86500412414625,0.00193813680558542,0.0268300391442418,-1.48387960158432
-1.30090933813698,0.290829765160512,-3.70301076557728,0.00263857865504199,0.0329409623715482,-1.37840295325245
0.0210873812016628,5.78328840154085,0.103495064572646,0.919143633837274,0.959126408302827,-6.87297482437114
0.752999015803611,3.55748831908018,2.07005314671298,0.0588430423034561,0.200812456411512,-4.59985360208952
-0.276042974959607,5.25900827840792,-1.37072128198533,0.193577281141817,0.401633332989471,-5.86839633693735
0.603369734698638,4.21775331063747,2.55264957127056,0.0240134934096427,0.119497690078813,-3.8695188214153
