"logFC","AveExpr","t","P.Value","adj.P.Val","B"
-0.146594711750009,4.59868031139246,-0.986362858455435,0.340326030700802,0.514816748766017,-6.43446494136076
-0.0735875905867793,2.993474377451,-0.365305587359113,0.720221703470391,0.831709886454363,-6.51026334442313
0.414789657595668,2.91033836920738,1.47984609606891,0.160572700830904,0.311465868456998,-5.45307806784996
-0.71039841749654,5.62833207852463,-6.1361618548839,2.33355844993757e-05,0.000673106102691156,2.61563103875824
0.336440916283034,3.69361255143633,1.85693160061766,0.0840054256251148,0.197999582821504,-5.14590488458317
1.09778235850479,6.54415376092787,10.9442862923231,2.4057674439077e-08,5.19933023698261e-06,9.58629294124244
0.749055078718869,3.07601670801379,3.95409713086902,0.00138223529655066,0.0110533098760012,-1.10052158312171
0.245131476503785,5.0698367558987,1.88069686238267,0.0805035409151631,0.192453569828556,-5.36417717025951
