"logFC","AveExpr","t","P.Value","adj.P.Val","B"
-0.31352920244229,7.21907984036631,-2.67329493160399,0.0190916244580641,0.104635398241018,-3.97396262079048
-0.00664085008878423,5.43927389206221,-0.0442088514085055,0.965407225088251,0.983197117687289,-6.82302253599244
-0.179547988075577,5.10557897288947,-0.966762305202519,0.351238314352056,0.567951808573345,-6.30381796808789
0.744477966514951,2.92223116184484,2.00229412334608,0.0664827235680553,0.215603546979942,-4.62527198316403
0.117111581166823,2.76980245414312,0.456926286453841,0.655236903355112,0.805145142615582,-6.32361230215355
0.387234666921328,6.23943811882749,2.84911155379061,0.0136362591443084,0.086387305521981,-3.55310288636051
0.169699975056453,2.43177065961421,0.610423837941413,0.552063841005154,0.731906648759809,-6.17694647821617
-0.129145791835306,8.42413780751347,-0.512444370684882,0.616902560850316,0.778249615012422,-6.95676118395854
0.935553653912179,6.58935737628,4.35447558778766,0.000773713241438369,0.0158913017532306,-0.711796729870516
1.04214142731508,5.15859940253056,4.01724128841008,0.00145307479152076,0.0227201577610433,-1.20871659968292
0.0853182064196893,4.81742383050833,0.500849348694522,0.624817906436244,0.784340120086416,-6.617639284189
-0.290771279331475,6.39582090819934,-1.91954015286916,0.0770464501372437,0.234820584716331,-5.20263767590223
0.759728702018797,3.0762326977341,2.76069796733065,0.0161551373426342,0.0951417710515694,-3.31240616931691
-0.0730292191759014,5.82556401395783,-0.497879677074305,0.62685301959267,0.785557171513068,-6.74213664420088
1.30630177411809,4.88487255501095,5.90621272536118,5.10196446290867e-05,0.00315512965383012,2.16384480209389
-0.455931303386657,2.20769380688749,-2.00724079060531,0.0658954680484216,0.214515822243962,-4.50608653382625
0.53097952556141,5.74942561061815,2.7619041917836,0.0161178771464678,0.0950208870632151,-3.65987188200079
0.0731354047240824,5.1303258671391,0.431435635690244,0.673193322549045,0.816880860681318,-6.69560248767263
0.312286116835442,3.78540599104873,1.64041813930055,0.124787173719536,0.308923739663827,-5.30185948865905
0.372854376091244,3.67445439335158,2.04807393619766,0.0612273380265921,0.205709487780604,-4.66846068633202
1.01421618144442,5.76381514484261,5.19946740003269,0.000169122458459003,0.00671627503246532,0.886253373607657
