"logFC","AveExpr","t","P.Value","adj.P.Val","B"
-0.667985990587189,1.94234770519537,-2.56412039541713,0.0234970532448239,0.118217913018549,-3.51569082522802
-1.02193486537307,3.03130844663072,-4.07341139532948,0.00130724585201187,0.021556587389838,-0.91814657511984
-0.519309972448791,2.63746063359154,-1.94199095302145,0.074038506804822,0.229370470375229,-4.69746223267743
