"logFC","AveExpr","t","P.Value","adj.P.Val","B"
-0.0306074724223429,4.7573377765359,-0.217930871240367,0.830557402331805,0.901940241920244,-6.95951609132131
0.0845028069818987,5.0721346975959,0.704068421069212,0.492679543815394,0.655758782465935,-6.76695473903081
-0.0046608866142992,2.89358034951183,-0.0200571104928914,0.984274562005233,0.991326122128106,-6.55243503781579
-0.37925404572051,2.46115931116542,-1.58412772630956,0.134990872045898,0.276122026730414,-5.20968152488664
-0.0111760945267614,5.87226253096309,-0.104075777105136,0.91855259286337,0.954271885827349,-7.15578697693971
-0.999014486177463,4.3474121844373,-6.61429049048788,1.03721607231201e-05,0.000383134916507091,3.60243957863506
-0.775833949619752,5.07275625048607,-5.84477392320637,3.88471595762721e-05,0.000963196696343186,2.1915996501757
-0.208954990514365,6.81621534103206,-2.00171907322015,0.064630186345325,0.164327497503127,-5.37201965222456
