"logFC","AveExpr","t","P.Value","adj.P.Val","B"
1.55031218837749,4.5775893763922,6.72576438763767,5.60422301567137e-07,7.68360123459925e-05,6.14859053159671
0.414354288522468,3.60739271371521,2.01374971481605,0.0552700222790686,0.343145930584542,-4.86176226541349
-0.00211524240413752,3.67646015961364,-0.0119798787854345,0.990539772310951,0.997790486356015,-6.78291307529284
