"logFC","AveExpr","t","P.Value","adj.P.Val","B"
-0.02000787413367,4.7573377765359,-0.142476523086306,0.88868854456262,0.932616062923753,-7.0934740088417
0.0821751324701472,5.0721346975959,0.688154080808743,0.502349946530596,0.647213028362224,-6.90247405643767
0.186202462005657,2.89358034951183,0.815221882956629,0.428294223505852,0.580789117010929,-6.34577333486586
-0.113829575808721,2.46115931116542,-0.483517642494438,0.63603684781541,0.755390029095857,-6.4236063462801
-0.00886778257023835,5.87226253096309,-0.0831451177859159,0.93488706028913,0.961979395655175,-7.28439249275809
-0.84264413273243,4.3474121844373,-5.66672562785676,5.33470136798978e-05,0.000827050062189422,1.8570568924576
-1.05166479142969,5.07275625048607,-7.75307749081586,1.70212857733328e-06,7.14400631877853e-05,5.31330046989412
-0.249199021707432,6.81621534103206,-2.38125324048714,0.0316375629308324,0.0901578228444494,-4.82508156381652
