"logFC","AveExpr","t","P.Value","adj.P.Val","B"
-0.159576372842477,6.37727723178047,-1.32530998003979,0.205822173020989,0.558625297301756,-5.56704674827994
-0.0406436291343253,6.42759573758575,-0.353806051645048,0.72863847410758,0.905039930633563,-6.3719680863748
-0.309251071508686,6.12429521824641,-1.87847450378328,0.0808253662365305,0.379862227616762,-4.78652380818906
-0.487420859164666,5.60521228344861,-4.64835459873086,0.000354854406627028,0.036771976503537,0.362538833986077
