"logFC","AveExpr","t","P.Value","adj.P.Val","B"
-0.338305028468711,5.84946873929608,-2.86664860954013,0.01220627497457,0.178623853226817,-3.03405482474477
0.312475043665016,4.20121016819928,2.18427029296648,0.046036977738392,0.308904280654271,-4.00418986783071
-0.0778405829818221,6.76437412810082,-0.894884073673161,0.385641406574517,0.716092275865478,-6.06653221472519
-0.362172837070803,-1.16814613588112,-0.559150279951932,0.584697087480287,0.840867934624978,-4.85317887976419
0.14142888542678,1.03113078981806,0.414903965964413,0.684360252511391,0.886521422111731,-5.21351171402163
