"logFC","AveExpr","t","P.Value","adj.P.Val","B"
-0.118098753595417,5.51442444194375,-1.07971969782015,0.298114509604511,0.644668174891475,-5.74758508772123
-0.454019633251677,4.79166897484595,-3.27547543717685,0.00538313112150921,0.123440349366545,-2.1587258648236
-0.359449708470576,6.26578832608745,-3.90211970262053,0.00153286000896553,0.0685055954624101,-1.08521242782717
-0.168078360615089,5.80630890309235,-1.62727420566247,0.125471448833732,0.453442890251237,-5.12838355799172
-0.381847571752995,7.28755877377284,-3.09145179321701,0.00778894321629312,0.146832530761477,-2.69281489615933
