"logFC","AveExpr","t","P.Value","adj.P.Val","B"
-1.32735177140636,-0.511593619860562,-2.54827352992602,0.0228826214400498,0.229619098026279,-3.53011915842205
-0.0623010168443332,3.97635546497495,-0.421290211518208,0.679797282542248,0.88520365568451,-5.94801044835288
-0.163736195319868,4.68136903676742,-1.00624219303271,0.330997481883958,0.676095858044817,-5.66204352064514
-0.401538725012109,6.62208681722225,-4.10745187797489,0.00101984077614279,0.0579109585825398,-0.717076214822797
0.0050761017554084,7.90240309915352,0.0618783514760363,0.951514946859014,0.984982587254685,-6.53660950245954
