"logFC","AveExpr","t","P.Value","adj.P.Val","B"
1.12755721446722,-1.11856933245801,1.8462807853908,0.0856186832403719,0.389004873963158,-4.15699129825799
-0.422561978044066,5.41392538693689,-3.69484003240932,0.00231910168333621,0.0847994756937078,-1.42947967024459
-0.515155037144531,5.08155304626645,-4.20287257444433,0.000844842036407287,0.0535725831104262,-0.442820820763672
-0.125907381919993,5.22064512226823,-1.07292506168709,0.301050401374333,0.647728055260081,-5.7371501172312
0.230611214047894,1.18146602810737,0.549520882142707,0.591114100781849,0.843361835251919,-5.2327886010535
