"logFC","AveExpr","t","P.Value","adj.P.Val","B"
-0.0352211887192211,4.00247955655974,-0.24422735122088,0.810518725954686,0.938875644477664,-6.01541160092073
-0.017490730183602,5.3060766119484,-0.165828926263517,0.870609682591848,0.958960567615615,-6.28266775199408
-0.219128563287967,7.3276244277513,-2.24918864813785,0.0407220321360473,0.291200342208745,-4.25822307867571
-0.265154911778227,5.77832274520964,-2.4558428103448,0.0273922135300476,0.246309459169178,-3.77466216964734
-1.35101577645149,0.909068872988234,-3.98245176475733,0.00130650263034529,0.0643474764877542,-1.35915947130133
