"logFC","AveExpr","t","P.Value","adj.P.Val","B"
-0.225382241476753,6.45881982327506,-2.33779728599731,0.0343913058366518,0.271622953763089,-4.04937327350715
-0.194144635577651,8.13627728749322,-2.02268829106344,0.0621890363620472,0.346179304949778,-4.67027793555613
-0.411988350007215,8.06829440971,-4.9893794500175,0.000185393018070554,0.0265791178382339,0.902483170116272
-0.204159802504353,0.147955958365285,-0.456844455969692,0.654634848547072,0.872846464729429,-5.14252456833364
