"logFC","AveExpr","t","P.Value","adj.P.Val","B"
-0.168086007909531,8.28544590828049,-1.92445938321995,0.0743966990242323,0.371086531819112,-4.83225336823872
-0.335101085234284,9.19638867949386,-4.17839965930639,0.000886568022525649,0.0541819571426487,-0.653953281680563
-0.2584195035863,4.79945925678842,-1.2998072153553,0.214198207981914,0.568160844766095,-5.39648622926178
