"logFC","AveExpr","t","P.Value","adj.P.Val","B"
0.250163814585811,7.11516691822946,2.60477013941027,0.0204867428852393,0.221193291935918,-3.60145418671573
-1.49112346918866,0.87041440666028,-4.85035538476269,0.000241161136004955,0.0293446491542164,-0.133573059603149
