"logFC","AveExpr","t","P.Value","adj.P.Val","B"
-0.348617281733325,4.49935986341845,-2.43640977106243,0.0284428055643967,0.250213745183757,-3.63903388418489
-0.386087498703228,4.65100717265845,-2.95432323127109,0.0102484300863501,0.163613305016923,-2.73727179668811
0.142462823495785,7.52182618595864,1.46291508393264,0.165087978841441,0.507793067210248,-5.47407755538889
-0.00701991384417422,5.87218167253601,-0.0734707806976685,0.942447737717507,0.982347753256366,-6.37963003592312
