"logFC","AveExpr","t","P.Value","adj.P.Val","B"
0.0462855705923673,4.8041205345555,0.409467123901985,0.688254966332362,0.888150067952287,-6.1189735413692
0.0114748105768152,6.53114940332094,0.123040864280533,0.903784679227042,0.969320950685695,-6.44557137197871
-0.283190464334205,2.23841768895782,-1.29026100124546,0.217402731340702,0.571738385363851,-4.92303021539742
-0.274057214886641,5.15491783560878,-2.57076214958694,0.021898298918909,0.226883240414299,-3.51046622790331
-0.0191562039454176,4.1351751336461,-0.134282124435307,0.895048233683371,0.967114276825253,-6.06955461226355
0.0424565435146427,6.44937112661128,0.44672453036643,0.661754516605184,0.876790492244537,-6.3407814394107
1.14974094246791,0.252410954963652,2.82168283591154,0.0133480800050952,0.185846344686326,-3.07678431038355
0.0109709721659197,6.06755501910347,0.116999947967205,0.908484950901098,0.971618520026886,-6.3998904512361
