"N9-UI9.logFC","N9-UI9.AveExpr","N9-UI9.t","N9-UI9.P.Value","N9-UI9.adj.P.Val","N9-UI9.B","WT9-UI9.logFC","WT9-UI9.AveExpr","WT9-UI9.t","WT9-UI9.P.Value","WT9-UI9.adj.P.Val","WT9-UI9.B","WT9-N9.logFC","WT9-N9.AveExpr","WT9-N9.t","WT9-N9.P.Value","WT9-N9.adj.P.Val","WT9-N9.B"
-0.271332071795889,1.94234770519537,-1.08927742855901,0.295737925496893,0.513155801221691,-5.77806696144218,-0.667985990587189,1.94234770519537,-2.56412039541713,0.0234970532448239,0.118217913018549,-3.51569082522802,-0.3966539187913,1.94234770519537,-1.48255734479467,0.161934245069999,0.83517155013049,-4.42406473036656
-0.774399426919664,3.03130844663072,-3.16801208332426,0.00737904492009755,0.0527126642540763,-2.6712090915903,-1.02193486537307,3.03130844663072,-4.07341139532948,0.00130724585201187,0.021556587389838,-0.91814657511984,-0.247535438453406,3.03130844663072,-0.926991083919955,0.370758209729173,0.886782107181768,-4.90829860782072
-0.754183206693925,2.63746063359154,-2.74204645425633,0.0167421395690397,0.0861500287703252,-3.37231902389176,-0.519309972448791,2.63746063359154,-1.94199095302145,0.074038506804822,0.229370470375229,-4.69746223267743,0.234873234245135,2.63746063359154,0.816501790691048,0.428866557039211,0.897705887622663,-4.94374509633559
