"N9-UI9.logFC","N9-UI9.AveExpr","N9-UI9.t","N9-UI9.P.Value","N9-UI9.adj.P.Val","N9-UI9.B","WT9-UI9.logFC","WT9-UI9.AveExpr","WT9-UI9.t","WT9-UI9.P.Value","WT9-UI9.adj.P.Val","WT9-UI9.B","WT9-N9.logFC","WT9-N9.AveExpr","WT9-N9.t","WT9-N9.P.Value","WT9-N9.adj.P.Val","WT9-N9.B"
-0.487444300481416,1.95886474247498,-1.89765984779628,0.0780848012399433,0.174927708821688,-4.74889250492511,-0.771823697751547,1.95886474247498,-2.99457778487294,0.0094562565309949,0.0427027939783405,-2.72993220415978,-0.284379397270131,1.95886474247498,-1.15651085397156,0.266398918510803,0.619031697758294,-4.96495865856293
-0.722840273673445,3.01303769723653,-3.22793050784637,0.005922731683797,0.0261307601405791,-2.60099595152523,-0.920809629366528,3.01303769723653,-4.11125302267581,0.00101220680304875,0.00892171894036844,-0.78419912031948,-0.197969355693083,3.01303769723653,-0.92436426621046,0.370609073866013,0.704961073117989,-5.40166056177751
-1.04295871464705,2.61473605686397,-4.48907449525319,0.000482760478175935,0.00422123896376059,-0.0463276874373566,-0.803635443006844,2.61473605686397,-3.48513847190474,0.00353210559989949,0.0213459470311121,-1.91021134135013,0.239323271640203,2.61473605686397,1.08255665333751,0.296894975722682,0.64374002719635,-5.1527849191699
