ID,Description,GeneRatio,BgRatio,pvalue,p.adjust,qvalue,geneID,Count
ecg05130,Pathogenic Escherichia coli infection,15/74,24/1491,5.92795450319782e-15,2.549020436375063e-13,2.433581322365421e-13,E2348C_3934/E2348C_1442/E2348C_3970/E2348C_3231/E2348C_3951/E2348C_3942/E2348C_1445/E2348C_3232/E2348C_1444/E2348C_2916/E2348C_0718/E2348C_3944/E2348C_0723/E2348C_3939/E2348_P1_003,15
ecg00190,Oxidative phosphorylation,9/74,39/1491,7.121922649913622e-5,0.0015312133697314287,0.0014618683334033224,E2348C_2423/E2348C_2417/E2348C_2421/E2348C_2422/E2348C_2418/E2348C_2416/E2348C_0366/E2348C_4042/E2348C_0617,9
ecg00540,Lipopolysaccharide biosynthesis,7/74,40/1491,0.0027760686642234835,0.0397903175205366,0.037988308036742406,E2348C_3875/E2348C_3873/E2348C_3872/E2348C_3877/E2348C_3874/E2348C_0684/E2348C_3870,7
