ID,Description,GeneRatio,BgRatio,pvalue,p.adjust,qvalue,geneID,Count,Direction,geneRatio
ecg05130,Pathogenic Escherichia coli infection,14/42,24/1491,2.9939601154481305e-17,5.688524219351447e-16,5.042459141807377e-16,E2348C_3934/E2348C_1442/E2348C_3970/E2348C_3231/E2348C_3951/E2348C_3942/E2348C_1445/E2348C_3232/E2348C_1444/E2348C_2916/E2348C_0718/E2348C_3944/E2348C_0723/E2348C_3939,14,Up,0.3333333333333333
ecg00540,Lipopolysaccharide biosynthesis,7/42,40/1491,7.865283593249004e-5,7.472019413586554e-4,6.623396710104424e-4,E2348C_3875/E2348C_3873/E2348C_3872/E2348C_3877/E2348C_3874/E2348C_0684/E2348C_3870,7,Up,0.16666666666666666
ecg03070,Bacterial secretion system,5/42,36/1491,0.002746669016263793,0.017395570436337354,0.015419896231656384,E2348C_3948/E2348C_3955/E2348C_3960/E2348C_3963/E2348C_3962,5,Up,0.11904761904761904
ecg00190,Oxidative phosphorylation,9/32,39/1491,3.967581566581759e-8,1.4680051796352508e-6,1.378212544181032e-6,E2348C_2423/E2348C_2417/E2348C_2421/E2348C_2422/E2348C_2418/E2348C_2416/E2348C_0366/E2348C_4042/E2348C_0617,9,Down,0.28125
