ID,Description,GeneRatio,BgRatio,pvalue,p.adjust,qvalue,geneID,Count
HALLMARK_TNFA_SIGNALING_VIA_NFKB,HALLMARK_TNFA_SIGNALING_VIA_NFKB,9/42,170/3448,1.518521536798984e-4,0.00668149476191553,0.005274864285722787,ATF3/RHOB/AREG/EDN1/VEGFA/SERPINE1/KLF10/TRIB1/KLF6,9
HALLMARK_HYPOXIA,HALLMARK_HYPOXIA,8/42,174/3448,9.659682081646498e-4,0.021251300579622295,0.016777342562859707,ATF3/VEGFA/SERPINE1/KLF6/DDIT4/DDIT3/PGF/ISG20,8
HALLMARK_INFLAMMATORY_RESPONSE,HALLMARK_INFLAMMATORY_RESPONSE,6/42,114/3448,0.00227069825486135,0.033303574404633135,0.026292295582605107,EREG/EDN1/SERPINE1/KLF6/SLC7A1/CX3CL1,6
HALLMARK_TGF_BETA_SIGNALING,HALLMARK_TGF_BETA_SIGNALING,4/42,51/3448,0.0031408437377319705,0.034435899223036665,0.027186236228713155,SPTBN1/SERPINE1/KLF10/SMAD6,4
HALLMARK_EPITHELIAL_MESENCHYMAL_TRANSITION,HALLMARK_EPITHELIAL_MESENCHYMAL_TRANSITION,6/42,127/3448,0.003913170366254166,0.034435899223036665,0.027186236228713155,RHOB/AREG/ITGA2/VEGFA/SERPINE1/MMP1,6
HALLMARK_APOPTOSIS,HALLMARK_APOPTOSIS,6/42,133/3448,0.004916228021460471,0.036052338824043455,0.02846237275582378,ATF3/RHOB/EREG/DDIT3/ISG20/H1-0,6
HALLMARK_IL2_STAT5_SIGNALING,HALLMARK_IL2_STAT5_SIGNALING,6/42,145/3448,0.007477642335930472,0.04700232325442011,0.03710709730612114,RHOB/ITGA6/UMPS/TNFRSF21/SNX9/KLF6,6
