"logFC","AveExpr","t","P.Value","adj.P.Val","B"
-0.181387562463788,6.40290019704931,-1.90127177182116,0.0775783067764199,0.377200400957394,-4.77389522691423
-0.341878081526023,4.39577443202308,-2.74177869237605,0.015639552721649,0.201577846866207,-3.0689761425706
0.0928935811134322,6.62919785387677,0.869677301397712,0.398817634478707,0.726205750705261,-6.07602646386381
-0.603501912474966,3.15544030105968,-2.90104330068554,0.0113979714915127,0.173407242852531,-2.67917219644546
