"logFC","AveExpr","t","P.Value","adj.P.Val","B"
0.131957788985646,8.17506989687242,0.939781803574999,0.356605403611875,0.799443291787652,-6.52672380930694
0.102848545942043,8.2621835817101,0.847717869180899,0.404892233631425,0.823823120341422,-6.60745622831336
0.384493452703058,3.17741414712052,2.14363618902561,0.0423033047463607,0.507468687263485,-4.52727058452972
0.202044895324428,2.70655803639705,1.02796494892422,0.314120416889136,0.773389886607419,-6.05393610662289
