"logFC","AveExpr","t","P.Value","adj.P.Val","B"
0.414486271684014,5.60965112455243,3.77831864132792,0.00196238135789942,0.0142289845079537,-1.8798535535403
0.54269328358226,6.87835878438979,5.51005215506755,7.07752737401722e-05,0.0014703385419766,1.37369691412619
0.0279850704244335,6.82436210972528,0.248332088207128,0.807402779785489,0.886973086358689,-7.23083349926412
-0.0342907786686331,7.3422325965556,-0.361905130326322,0.722706725714893,0.833715215770526,-7.22031757614907
-0.364167421741295,6.93662916860373,-3.44985583304774,0.00379159056735703,0.0225193730169523,-2.65873560457006
-0.277421358014558,2.96048749179898,-1.32885299361902,0.204679624478659,0.366563895024853,-5.72440672654257
