"logFC","AveExpr","t","P.Value","adj.P.Val","B"
-0.771823697751547,1.95886474247498,-2.99457778487294,0.0094562565309949,0.0427027939783405,-2.72993220415978
-0.920809629366528,3.01303769723653,-4.11125302267581,0.00101220680304875,0.00892171894036844,-0.78419912031948
-0.803635443006844,2.61473605686397,-3.48513847190474,0.00353210559989949,0.0213459470311121,-1.91021134135013
