"N9-UI9.logFC","N9-UI9.AveExpr","N9-UI9.t","N9-UI9.P.Value","N9-UI9.adj.P.Val","N9-UI9.B","WT9-UI9.logFC","WT9-UI9.AveExpr","WT9-UI9.t","WT9-UI9.P.Value","WT9-UI9.adj.P.Val","WT9-UI9.B","WT9-N9.logFC","WT9-N9.AveExpr","WT9-N9.t","WT9-N9.P.Value","WT9-N9.adj.P.Val","WT9-N9.B"
0.362463080403911,5.54812937748391,3.34387005905491,0.0046917541097849,0.0219398573412538,-2.85762513097969,0.191994435784109,5.54812937748391,1.7508907728315,0.10134437360629,0.225845481006949,-5.64203920408999,-0.170468644619802,5.54812937748391,-1.69944873737952,0.110841325384445,0.433135026329864,-4.99040186383775
-0.478850934437019,6.47042794616397,-4.35029152696572,0.000632639172059689,0.00516090997826721,-0.933295706314666,-0.503609063086593,6.47042794616397,-4.58334782560676,0.000402220389326353,0.00490248420660404,-0.366621307737597,-0.0247581286495739,6.47042794616397,-0.24077919304966,0.813138832233275,0.939146858868706,-6.40556582997819
-0.00275806351714003,6.05869656637666,-0.0222629558106263,0.982545396828412,0.989378118642239,-7.31271703693486,0.0860509004408048,6.05869656637666,0.694336567598622,0.498579974374837,0.660093081187496,-6.94062028849754,0.0888089639579448,6.05869656637666,0.773199275025124,0.451977476257871,0.759927826933002,-6.10801719872676
0.580525356335584,8.21123763077065,5.71511042058404,4.89203004974144e-05,0.000775866321141907,1.58401567170936,0.314422574859285,8.21123763077065,3.0901849587518,0.00780874822039982,0.0373417021900229,-3.44672194558226,-0.266102781476299,8.21123763077065,-2.82728503609849,0.0132003243873049,0.185798066568758,-3.24495103371022
0.533111358106622,6.83653560424547,5.60663490042859,5.94328380953624e-05,0.000880846976070469,1.45503649687608,0.505618004888183,6.83653560424547,5.32675228193883,9.89339217459056e-05,0.00183557366313664,1.03376182077553,-0.0274933532184392,6.83653560424547,-0.313097358148466,0.758719626209534,0.914133907527049,-6.43103256834264
