"logFC","AveExpr","t","P.Value","adj.P.Val","B"
0.386644950499478,5.60965112455243,3.51679259193098,0.00331451513395966,0.0170433874785994,-2.51126844612173
0.931411937694421,6.87835878438979,9.50110688989253,1.44733256313576e-07,1.10301976390557e-05,7.66409555349237
0.053398158943879,6.82436210972528,0.473454548498652,0.643024471221946,0.760391534772869,-7.26411195440875
-0.131335271600493,7.3422325965556,-1.38499721197915,0.187248316695018,0.326883779742637,-6.44956845937846
-0.490618653937504,6.93662916860373,-4.66068101380005,0.000346541737197991,0.00328398190747834,-0.357579109074138
-0.680488270552309,2.96048749179898,-3.13052707441074,0.00720189330856298,0.0302358408547382,-2.76375761426558
