"logFC","AveExpr","t","P.Value","adj.P.Val","B"
-0.271332071795889,1.94234770519537,-1.08927742855901,0.295737925496893,0.513155801221691,-5.77806696144218
-0.774399426919664,3.03130844663072,-3.16801208332426,0.00737904492009755,0.0527126642540763,-2.6712090915903
-0.754183206693925,2.63746063359154,-2.74204645425633,0.0167421395690397,0.0861500287703252,-3.37231902389176
