"logFC","AveExpr","t","P.Value","adj.P.Val","B"
0.362463080403911,5.54812937748391,3.34387005905491,0.0046917541097849,0.0219398573412538,-2.85762513097969
-0.478850934437019,6.47042794616397,-4.35029152696572,0.000632639172059689,0.00516090997826721,-0.933295706314666
-0.00275806351714003,6.05869656637666,-0.0222629558106263,0.982545396828412,0.989378118642239,-7.31271703693486
0.580525356335584,8.21123763077065,5.71511042058404,4.89203004974144e-05,0.000775866321141907,1.58401567170936
0.533111358106622,6.83653560424547,5.60663490042859,5.94328380953624e-05,0.000880846976070469,1.45503649687608
