"logFC","AveExpr","t","P.Value","adj.P.Val","B"
-0.72568435841052,1.21554015873347,-2.44920329250232,0.0219197429151395,0.241763677855868,-3.30063056136084
0.519345795507096,3.36167277760551,2.58791862300079,0.016072134519653,0.232768025258892,-3.35213926188836
