"logFC","AveExpr","t","P.Value","adj.P.Val","B"
0.384106170631522,4.97810047212532,2.80091686598496,0.013909991535785,0.189235552911994,-3.04381865705245
-0.183891223154066,4.77632279979819,-1.05181558456587,0.310307449955405,0.656317152234386,-5.64242924135765
0.763546757282827,3.19936372376178,3.97540084926532,0.00132493133786183,0.0648142086899978,-0.825042942823075
0.11200371011282,3.46947752598162,0.683460740713876,0.505222981817291,0.795185222382313,-5.66200891998256
0.386177975641063,2.72684601485791,1.95946666886847,0.0698164730101412,0.362995522149675,-4.12086851209971
-0.508328879377941,6.30637735806294,-5.00195034471136,0.000181057721531841,0.0264819778563743,0.984265190697506
