"logFC","AveExpr","t","P.Value","adj.P.Val","B"
0.330515395254269,3.47387877162976,1.9619784884728,0.0694978828830016,0.362249583925797,-4.22792022143367
0.407831477653404,3.44087211637082,2.45195304701774,0.0275994958694826,0.247551375024754,-3.44753268806512
