"logFC","AveExpr","t","P.Value","adj.P.Val","B"
-0.023712535510839,6.93804036226571,-0.256578827443141,0.801152873077759,0.935238116911153,-6.45586079657054
-0.369449474889446,7.23313036708875,-3.34474238815142,0.00468353467546318,0.115927490770439,-2.21493403716759
-0.241717429254487,7.92552333360032,-1.90464464927581,0.0771080085908374,0.377200400957394,-4.85512275354628
-0.186714208484027,6.15013070781354,-1.78368333557281,0.0956712648180838,0.405895081912058,-4.93899674329808
-0.295031613553596,3.91341617169388,-1.85580344730024,0.0841750066674126,0.386747799516756,-4.49175755685379
-0.00792501419358427,6.40198827494231,-0.08936262209765,0.930031347130894,0.97908064095191,-6.44132546715382
